单词,总次数
ability,6
able,6
about,6
above,6
abroad,6
absent,6
accept,6
accident,6
ache,6
achieve,6
across,6
active,6
activity,6
add,6
address,6
advice,6
afford,6
afraid,6
after,6
against,6
agree,6
alive,6
all,6
allow,6
almost,6
alone,6
aloud,6
already,6
also,6
although,6
always,6
ancient,6
angry,6
another,6
answer,6
any,6
anyone,6
anything,6
anyway,6
anywhere,6
appear,6
arm,6
around,6
arrive,6
article,6
as,6
ask,6
asleep,6
attention,6
avoid,6
away,6
back,6
background,6
bear,6
because,6
before,6
behind,6
believe,6
below,6
beside,6
between,6
beyond,6
bill,6
bit,6
board,6
born,6
borrow,6
both,6
breath,6
business,6
busy,6
but,6
by,6
call,6
camp,6
cancel,6
care,6
careless,6
carry,6
cause,6
celebrate,6
certain,6
chance,6
change,6
cheat,6
check,6
cheer,6
chest,6
choice,6
chopsticks,6
circle,6
clap,6
clear,6
climb,6
close,6
coach,6
collect,6
comfortable,6
common,6
communicate,6
compare,6
competition,6
complete,6
condition,6
conference,6
connect,6
continue,6
control,6
conversation,6
copy,6
corner,6
correct,6
could,6
count,6
couple,6
courage,6
course,6
cover,6
crazy,6
create,6
cross,6
cruel,6
cry,6
culture,6
danger,6
dangerous,6
dare,6
date,6
deaf,6
deal,6
decide,6
deep,6
dentist,6
depend,6
describe,6
develop,6
dialogue,6
die,6
difference,6
difficult,6
direct,6
discover,6
discuss,6
disease,6
dismiss,6
disturb,6
divide,6
double,6
doubt,6
dozen,6
dress,6
drop,6
drug,6
duck,6
dumpling,6
during,6
duty,6
each,6
early,6
edge,6
effort,6
either,6
elder,6
electric,6
else,6
empty,6
encourage,6
end,6
energy,6
engineer,6
enjoy,6
enough,6
enter,6
environment,6
especially,6
even,6
ever,6
every,6
everybody,6
everyday,6
everyone,6
everything,6
everywhere,6
examine,6
example,6
excellent,6
except,6
excite,6
excuse,6
exercise,6
expect,6
expensive,6
experience,6
experiment,6
explain,6
express,6
face,6
fact,6
fail,6
fair,6
family,6
famous,6
fan,6
fantastic,6
fear,6
festival,6
fetch,6
few,6
fill,6
final,6
fine,6
finish,6
fire,6
fit,6
fix,6
flat,6
follow,6
for,6
force,6
foreign,6
fork,6
form,6
forward,6
free,6
fresh,6
front,6
full,6
fun,6
future,6
general,6
gift,6
hall,6
hamburger,6
hand,6
happen,6
hardly,6
hate,6
health,6
heat,6
height,6
help,6
helpful,6
honest,6
hope,6
housework,6
how,6
however,6
hurry,6
idea,6
imagine,6
immediately,6
important,6
improve,6
include,6
increase,6
influence,6
inside,6
insist,6
instead,6
instruction,6
interest,6
international,6
interview,6
introduce,6
invent,6
invite,6
iron,6
join,6
joke,6
jump,6
just,6
key,6
kick,6
kill,6
kilo,6
kind,6
kiss,6
knee,6
knock,6
lamb,6
lamp,6
land,6
large,6
last,6
late,6
laugh,6
lay,6
learn,6
least,6
left,6
lesson,6
level,6
license,6
lie,6
lift,6
light,6
like,6
line,6
list,6
listen,6
lock,6
lonely,6
look,6
love,6
mad,6
magic,6
mail,6
main,6
manage,6
mark,6
marry,6
master,6
match,6
may,6
maybe,6
medical,6
member,6
memory,6
mend,6
mention,6
menu,6
message,6
middle,6
mind,6
mine,6
miss,6
modern,6
moment,6
move,6
must,6
natural,6
nature,6
near,6
necessary,6
need,6
neither,6
nervous,6
never,6
next,6
nobody,6
none,6
nor,6
normal,6
note,6
nothing,6
notice,6
number,6
object,6
of,6
off,6
offer,6
often,6
old,6
on,6
once,6
one,6
only,6
open,6
or,6
other,6
outside,6
over,6
own,6
pair,6
pancake,6
park,6
part,6
pass,6
passage,6
passport,6
past,6
peace,6
percent,6
perfect,6
perhaps,6
period,6
pet,6
physics,6
pick,6
piece,6
pity,6
place,6
plain,6
plan,6
plant,6
play,6
pleasant,6
please,6
pleasure,6
plenty,6
point,6
polite,6
poor,6
popular,6
position,6
possible,6
post,6
pound,6
practice,6
praise,6
prepare,6
prevent,6
pride,6
primary,6
print,6
private,6
prize,6
produce,6
progress,6
promise,6
pronounce,6
proper,6
protect,6
proud,6
prove,6
provide,6
public,6
pull,6
punish,6
question,6
quite,6
race,6
raise,6
rather,6
reach,6
ready,6
real,6
receive,6
recite,6
record,6
refuse,6
regard,6
regret,6
relation,6
relax,6
remain,6
remember,6
repair,6
repeat,6
reply,6
report,6
require,6
rest,6
result,6
return,6
review,6
risk,6
robot,6
role,6
round,6
row,6
rubbish,6
rule,6
rush,6
sail,6
sale,6
same,6
score,6
screen,6
search,6
seat,6
second,6
seem,6
seldom,6
sense,6
separate,6
serious,6
shame,6
shape,6
share,6
should,6
shout,6
show,6
sick,6
sight,6
silent,6
similar,6
simple,6
since,6
single,6
situation,6
skate,6
skill,6
slow,6
smile,6
smoke,6
so,6
social,6
solid,6
some,6
somebody,6
someone,6
something,6
sometimes,6
somewhere,6
soon,6
sort,6
sound,6
sour,6
space,6
special,6
speech,6
speed,6
spirit,6
spoon,6
square,6
stamp,6
standard,6
start,6
state,6
stay,6
step,6
still,6
stomach,6
stop,6
strange,6
strict,6
stupid,6
succeed,6
success,6
such,6
sudden,6
suggest,6
supply,6
sure,6
swing,6
symbol,6
talk,6
taste,6
term,6
terrible,6
test,6
than,6
that,6
then,6
there,6
though,6
thought,6
tie,6
till,6
tired,6
together,6
too,6
top,6
total,6
touch,6
trade,6
traditional,6
train,6
translate,6
treasure,6
trip,6
trouble,6
trust,6
truth,6
try,6
turn,6
twice,6
ugly,6
under,6
unit,6
unless,6
until,6
up,6
use,6
usual,6
value,6
very,6
visit,6
wait,6
walk,6
want,6
wash,6
waste,6
watch,6
watermelon,6
way,6
weak,6
wealth,6
weight,6
welcome,6
western,6
wet,6
what,6
whatever,6
when,6
whenever,6
whether,6
which,6
while,6
who,6
whole,6
whom,6
whose,6
why,6
wide,6
wise,6
wish,6
with,6
without,6
wonder,6
wonderful,6
word,6
work,6
worry,6
worth,6
wound,6
write,6
yet,6
zebra,6
act,5
action,5
advertisement,5
advise,5
afternoon,5
again,5
age,5
ago,5
air,5
airline,5
airplane,5
airport,5
along,5
America,5
among,5
and,5
animal,5
ant,5
apple,5
April,5
area,5
art,5
Asia,5
at,5
Atlantic,5
August,5
aunt,5
Australia,5
autumn,5
available,5
bag,5
ball,5
balloon,5
bamboo,5
banana,5
bank,5
basic,5
basket,5
basketball,5
bathroom,5
be,5
beach,5
beautiful,5
bed,5
bee,5
bell,5
besides,5
big,5
bike,5
bird,5
birth,5
birthday,5
biscuit,5
bitter,5
black,5
blackboard,5
blind,5
blood,5
blue,5
boat,5
book,5
boring,5
boss,5
bottle,5
bottom,5
bowl,5
box,5
boy,5
brain,5
brave,5
bread,5
breakfast,5
breathe,5
bridge,5
bright,5
brother,5
brown,5
building,5
bus,5
butter,5
cabbage,5
cake,5
camera,5
Canada,5
candle,5
candy,5
cap,5
capital,5
captain,5
car,5
card,5
careful,5
cat,5
cent,5
centre,5
century,5
chair,5
chairman,5
chalk,5
chant,5
cheap,5
cheese,5
chemistry,5
chess,5
chicken,5
China,5
Chinese,5
chocolate,5
Christmas,5
church,5
cinema,5
city,5
class,5
clean,5
clever,5
clock,5
clone,5
clothes,5
cloud,5
cloudy,5
club,5
coal,5
coast,5
coat,5
coffee,5
coin,5
cold,5
college,5
company,5
composition,5
computer,5
concert,5
cook,5
cool,5
cotton,5
cough,5
country,5
countryside,5
cousin,5
cow,5
crayon,5
cup,5
daily,5
dance,5
dark,5
daughter,5
day,5
dead,5
dear,5
death,5
December,5
decision,5
delicious,5
diary,5
dictionary,5
different,5
difficulty,5
dinner,5
dirty,5
discovery,5
discussion,5
dish,5
doctor,5
dog,5
doll,5
dollar,5
door,5
down,5
downstairs,5
drawer,5
drum,5
dry,5
ear,5
earth,5
east,5
easy,5
education,5
egg,5
eight,5
eighteen,5
eighth,5
eighty,5
elephant,5
eleven,5
enemy,5
England,5
English,5
eraser,5
Europe,5
European,5
evening,5
eye,5
farm,5
farmer,5
fast,5
fat,5
father,5
February,5
fever,5
field,5
fifteen,5
fifth,5
fifty,5
film,5
finger,5
first,5
fish,5
five,5
flag,5
floor,5
flower,5
flu,5
fly,5
food,5
football,5
forest,5
forty,5
four,5
fourteen,5
fourth,5
fox,5
Friday,5
fridge,5
friend,5
friendly,5
friendship,5
frog,5
fruit,5
funny,5
game,5
gate,5
gentleman,5
geography,5
giraffe,5
girl,5
glad,5
goal,5
grade,5
greeting,5
group,5
guard,5
guess,5
half,5
ham,5
handbag,5
handsome,5
happy,5
hard,5
hat,5
he,5
head,5
heart,5
heaven,5
heavy,5
hen,5
her,5
hers,5
here,5
high,5
hill,5
him,5
himself,5
his,5
hobby,5
holiday,5
home,5
hometown,5
homework,5
horse,5
hospital,5
hot,5
hotel,5
hour,5
house,5
huge,5
human,5
hundred,5
hungry,5
husband,5
I,5
ice,5
if,5
ill,5
illness,5
in,5
India,5
industry,5
information,5
ink,5
intention,5
interesting,5
into,5
island,5
it,5
its,5
itself,5
jacket,5
January,5
Japan,5
jeans,5
job,5
joy,5
juice,5
June,5
kid,5
king,5
kitchen,5
kite,5
knowledge,5
lab,5
lady,5
lake,5
language,5
law,5
lazy,5
lead,5
leaf,5
leg,5
letter,5
library,5
lion,5
litter,5
live,5
lively,5
London,5
long,5
lot,5
loud,5
lovely,5
low,5
luck,5
lunch,5
machine,5
madam,5
magazine,5
map,5
market,5
marriage,5
me,5
meal,5
meaning,5
meat,5
medicine,5
meeting,5
metal,5
method,5
mile,5
milk,5
minute,5
mirror,5
model,5
Monday,5
money,5
monkey,5
month,5
moon,5
morning,5
mother,5
mountain,5
mouth,5
movie,5
murder,5
museum,5
music,5
my,5
myself,5
name,5
national,5
nearly,5
neck,5
new,5
newspaper,5
nice,5
night,5
nine,5
nineteen,5
ninety,5
ninth,5
nod,5
noise,5
noodle,5
noon,5
north,5
northern,5
nose,5
not,5
notebook,5
November,5
now,5
nurse,5
October,5
office,5
oil,5
OK,5
oneself,5
operation,5
orange,5
order,5
our,5
ours,5
ourselves,5
out,5
owner,5
package,5
page,5
panda,5
paper,5
pardon,5
parent,5
passenger,5
path,5
patient,5
pear,5
pen,5
pencil,5
people,5
person,5
personal,5
picnic,5
picture,5
pie,5
pink,5
pioneer,5
plane,5
planet,5
plastic,5
plate,5
pocket,5
poem,5
police,5
pond,5
pool,5
population,5
pork,5
postcard,5
postman,5
potato,5
present,5
president,5
pretty,5
price,5
prison,5
problem,5
pronunciation,5
pupil,5
purple,5
purse,5
push,5
quarter,5
queen,5
quick,5
quiet,5
rabbit,5
radio,5
railway,5
rain,5
raincoat,5
rapid,5
rat,5
recent,5
red,5
research,5
restaurant,5
retell,5
rice,5
rich,5
right,5
river,5
road,5
rock,5
room,5
rope,5
rose,5
rubber,5
ruler,5
sad,5
safe,5
safety,5
salad,5
salt,5
sand,5
sandwich,5
Saturday,5
sausage,5
save,5
scarf,5
school,5
schoolbag,5
science,5
scientist,5
sea,5
season,5
secret,5
secretary,5
sentence,5
September,5
servant,5
service,5
seven,5
seventeen,5
seventh,5
seventy,5
several,5
she,5
ship,5
shirt,5
shoe,5
shop,5
short,5
shoulder,5
shower,5
shy,5
side,5
silk,5
silly,5
sir,5
sister,5
six,5
sixteen,5
sixth,5
sixty,5
size,5
skirt,5
sky,5
sleepy,5
small,5
smart,5
snake,5
snow,5
soap,5
society,5
sofa,5
soft,5
soldier,5
son,5
song,5
sorry,5
soup,5
south,5
southern,5
spring,5
station,5
stone,5
store,5
storm,5
story,5
strawberry,5
stream,5
street,5
strong,5
student,5
study,5
subject,5
successful,5
sugar,5
suggestion,5
sun,5
Sunday,5
sunny,5
supermarket,5
supper,5
suppose,5
surface,5
surprise,5
sweet,5
table,5
tail,5
tale,5
tall,5
tape,5
task,5
taxi,5
tea,5
teacher,5
team,5
technology,5
telephone,5
temperature,5
ten,5
thank,5
the,5
their,5
theirs,5
them,5
themselves,5
these,5
they,5
thick,5
thin,5
thing,5
third,5
thirsty,5
thirteen,5
thirty,5
this,5
those,5
thousand,5
three,5
through,5
Thursday,5
ticket,5
tidy,5
tiger,5
time,5
tiny,5
to,5
today,5
toilet,5
tomato,5
tomorrow,5
ton,5
tonight,5
tool,5
tourist,5
tower,5
town,5
toy,5
traffic,5
training,5
treatment,5
tree,5
truck,5
Tuesday,5
twelfth,5
twelve,5
twentieth,5
twenty,5
two,5
umbrella,5
uncle,5
underground,5
university,5
upstairs,5
used,5
useful,5
useless,5
vacation,5
vegetable,5
vehicle,5
victory,5
video,5
village,5
violin,5
voice,5
volleyball,5
wall,5
war,5
warm,5
water,5
we,5
weather,5
website,5
Wednesday,5
week,5
weekday,5
weekend,5
weigh,5
west,5
whale,5
wheat,5
where,5
white,5
wife,5
window,5
windy,5
wine,5
winter,5
wood,5
world,5
would,5
wrong,5
yard,5
year,5
yellow,5
yes,5
yesterday,5
you,5
young,5
your,5
yours,5
yourself,5
yourselves,5
zero,5
zoo,5
accent,4
agreement,4
American,4
army,4
Asian,4
Australian,4
bedroom,4
beef,4
brush,4
butterfly,4
bye,4
camel,4
can,4
cancer,4
CD,4
ceiling,4
classmate,4
classroom,4
coke,4
communication,4
cooker,4
development,4
driver,4
factory,4
feeling,4
fisherman,4
foreigner,4
garden,4
glass,4
glove,4
goat,4
god,4
gold,4
golden,4
government,4
grammar,4
grandchild,4
granddaughter,4
grandson,4
granny,4
grape,4
grass,4
great,4
green,4
ground,4
guest,4
gun,4
hair,4
healthy,4
herself,4
history,4
inch,4
Indian,4
introduction,4
invention,4
Japanese,4
keyboard,4
leader,4
lemonade,4
lucky,4
manager,4
March,4
May,4
Miss,4
monitor,4
motorcycle,4
news,4
no,4
officer,4
overcoat,4
paint,4
palace,4
piano,4
pig,4
pilot,4
playground,4
policy,4
prisoner,4
rainy,4
recorder,4
riddle,4
Russian,4
shorts,4
silence,4
smooth,4
snowy,4
speaker,4
steam,4
steel,4
stranger,4
sweater,4
swimming,4
television,4
tent,4
text,4
thread,4
tongue,4
toothache,4
toothbrush,4
toothpaste,4
towel,4
trousers,4
true,4
visitor,4
warn,4
wind,4
wing,4
winner,4
worker,4
pollution,4
pretend,4
flight,4
hang,4
straight,4
throw,4
pay,4
toast,4
authority,4
creature,4
outgoing,4
instrument,4
medium,4
perform,4
concentrate,4
well,4
suitable,4
block,4
understand,4
champion,4
matter,4
have,4
manner,4
wake,4
lap,4
bush,4
design,4
extra,4
department,4
exhibition,4
burn,4
obey,4
spoken,4
recycle,4
let,4
press,4
opposite,4
pack,4
cut,4
entertainment,4
found,4
escape,4
think,4
smell,4
unable,4
shoot,4
realize,4
eastern,4
marathon,4
uncomfortable,4
district,4
swim,4
impossible,4
wave,4
pain,4
put,4
gallery,4
destroy,4
theme,4
chat,4
fiction,4
tell,4
appointment,4
hit,4
major,4
beat,4
worldwide,4
consider,4
particular,4
build,4
mean,4
chew,4
modest,4
shock,4
court,4
relative,4
attitude,4
spare,4
staff,4
meet,4
represent,4
dig,4
hold,4
take,4
blank,4
importance,4
custom,4
permission,4
material,4
attempt,4
balance,4
cream,4
upset,4
barbecue,4
stand,4
cigarette,4
feel,4
thrill,4
find,4
host,4
combine,4
comedy,4
pressure,4
feed,4
forget,4
convenient,4
belong,4
mess,4
native,4
make,4
microwave,4
fence,4
firm,4
character,4
stick,4
band,4
quality,4
rude,4
association,4
mix,4
agent,4
treat,4
project,4
comment,4
lose,4
toward,4
uniform,4
fall,4
opinion,4
prefer,4
spend,4
advantage,4
dessert,4
kangaroo,4
awful,4
educate,4
exam,4
poster,4
symphony,4
sleep,4
vocabulary,4
aggressive,4
sweep,4
leave,4
therefore,4
exchange,4
bored,4
choose,4
behave,4
mistake,4
pour,4
spot,4
aid,4
aim,4
confident,4
local,4
speak,4
more,4
shake,4
insect,4
shall,4
nearby,4
predict,4
dull,4
reason,4
ring,4
gentle,4
boil,4
envelope,4
turkey,4
tasty,4
helicopter,4
disabled,4
calm,4
run,4
view,4
might,4
volunteer,4
clothing,4
string,4
distance,4
rise,4
rent,4
anxious,4
slice,4
far,4
catch,4
fax,4
case,4
give,4
phone,4
slide,4
style,4
jungle,4
suit,4
stress,4
porridge,4
shut,4
talent,4
phrase,4
keep,4
yoghurt,4
forbid,4
diet,4
win,4
amount,4
album,4
say,4
shine,4
spread,4
bring,4
awake,4
rank,4
fold,4
drive,4
homeland,4
see,4
fool,4
set,4
outstanding,4
partner,4
beauty,4
humorous,4
disadvantage,4
little,4
sit,4
crowd,4
fry,4
drink,4
announce,4
operate,4
begin,4
become,4
break,4
draw,4
cupboard,4
hide,4
dream,4
tense,4
recipe,4
seal,4
bow,4
fight,4
hear,4
wheel,4
clerk,4
scene,4
injure,4
freeze,4
dormitory,4
seek,4
heel,4
teenager,4
garage,4
dislike,4
amazing,4
unusual,4
sink,4
know,4
sing,4
support,4
teach,4
argue,4
type,4
come,4
wear,4
impress,4
get,4
regular,4
sell,4
queue,4
blow,4
earthquake,4
send,4
purpose,4
flee,4
award,4
cost,4
will,4
challenge,4
wild,4
baby,3
behaviour,3
body,3
gym,3
Internet,3
kilometer,3
math,3
party,3
tenth,3
us,3
a,3
photograph,3
child,3
root,3
lend,3
better,3
unhappy,3
million,3
woman,3
product,3
less,3
tutor,3
sport,3
unimportant,3
Africa,3
battery,3
pop,3
latest,3
avenue,3
most,3
hey,3
artist,3
wallet,3
dad,3
sixteenth,3
sock,3
adult,3
march,3
stage,3
junk,3
waiter,3
later,3
possibly,3
hole,3
cookie,3
belt,3
thief,3
unpleasant,3
skin,3
man,3
opera,3
equipment,3
stair,3
best,3
theatre,3
wolf,3
many,3
suitcase,3
beard,3
hunger,3
Russia,3
twin,3
biology,3
eat,3
comma,3
spell,3
much,3
mouse,3
steal,3
scientific,3
assistant,3
carrot,3
bicycle,3
throat,3
French,3
retire,3
photo,3
shelf,3
ride,3
medal,3
popcorn,3
singer,3
shark,3
cage,3
unhealthy,3
net,3
read,3
saying,3
super,3
are,3
jazz,3
worse,3
worst,3
statement,3
penny,3
topic,3
sheep,3
soccer,3
headache,3
bad,3
sauce,3
am,3
tooth,3
foot,3
knife,3
refrigerator,3
easily,3
hello,3
parrot,3
sign,3
author,3
essay,3
Paris,3
rocket,3
province,3
bookcase,3
buy,3
life,3
honey,3
musician,3
onion,3
hero,3
player,3
abandon,3
abnormal,3
aboard,3
abolish,3
abortion,3
abrupt,3
absence,3
absolute,3
absorb,3
abstract,3
absurd,3
abundant,3
abuse,3
academic,3
academy,3
accelerate,3
access,3
accessible,3
anchor,3
accommodation,3
accompany,3
accomplish,3
account,3
accountant,3
accumulate,3
accuracy,3
accuse,3
accustomed,3
achievement,3
acid,3
acknowledge,3
acquaintance,3
acquire,3
acquisition,3
acre,3
actual,3
acute,3
adapt,3
adaptation,3
addicted,3
addition,3
adequate,3
adjust,3
adjustment,3
administration,3
admirable,3
admire,3
admission,3
admit,3
adolescence,3
adolescent,3
adopt,3
adore,3
advance,3
adventure,3
advertise,3
advocate,3
affair,3
affect,3
affection,3
afterward,3
agency,3
agenda,3
agricultural,3
agriculture,3
ahead,3
airmail,3
alarm,3
alcohol,3
alcoholic,3
algebra,3
alike,3
allergic,3
alley,3
allocate,3
allowance,3
alongside,3
alphabet,3
alternative,3
altitude,3
altogether,3
amateur,3
amaze,3
ambassador,3
ambiguous,3
ambition,3
ambulance,3
ample,3
amuse,3
amusement,3
analysis,3
ancestor,3
anecdote,3
anger,3
angle,3
ankle,3
anniversary,3
annoy,3
annual,3
antique,3
anxiety,3
anyhow,3
apologize,3
apology,3
apparent,3
appeal,3
appearance,3
appendix,3
appetite,3
applaud,3
applicant,3
application,3
apply,3
appoint,3
appreciate,3
appreciation,3
approach,3
appropriate,3
approve,3
approximately,3
apron,3
arbitrary,3
arch,3
architect,3
architecture,3
Arctic,3
argument,3
arise,3
arithmetic,3
arrange,3
arrest,3
artificial,3
ashamed,3
aside,3
aspect,3
assess,3
assessment,3
assist,3
assistance,3
associate,3
assume,3
assumption,3
astonish,3
astronomer,3
astronomy,3
atmosphere,3
attach,3
attain,3
attend,3
attract,3
attractive,3
audience,3
authentic,3
automatic,3
autonomous,3
average,3
aware,3
awesome,3
awkward,3
bachelor,3
bacterium,3
badminton,3
bakery,3
balcony,3
ballet,3
ban,3
bar,3
barber,3
barbershop,3
bare,3
bargain,3
barrier,3
base,3
basement,3
basis,3
bath,3
bathe,3
battle,3
beddings,3
beg,3
behalf,3
being,3
belief,3
belly,3
bench,3
bend,3
beneath,3
beneficial,3
benefit,3
bent,3
betray,3
bid,3
bingo,3
biochemistry,3
biography,3
birthplace,3
bishop,3
bite,3
blame,3
blanket,3
bleed,3
bless,3
bond,3
bonus,3
boom,3
booth,3
botanical,3
botany,3
bounce,3
bound,3
boundary,3
boycott,3
brake,3
brand,3
bravery,3
breakthrough,3
breast,3
breathless,3
brewery,3
brick,3
bride,3
bridegroom,3
brief,3
brilliant,3
broadcast,3
brochure,3
broken,3
brunch,3
bucket,3
Buddhism,3
budget,3
buffet,3
bun,3
bunch,3
bungalow,3
burden,3
bureaucratic,3
burglar,3
burst,3
bury,3
butcher,3
cab,3
cafeteria,3
calculate,3
campaign,3
canal,3
candidate,3
canteen,3
capsule,3
caption,3
carbon,3
carpenter,3
carriage,3
carrier,3
carve,3
cash,3
cassette,3
cast,3
casual,3
catalogue,3
catastrophe,3
category,3
cater,3
caution,3
cautious,3
cell,3
centigrade,3
central,3
ceremony,3
certificate,3
chain,3
challenging,3
changeable,3
channel,3
chaos,3
chapter,3
characteristic,3
charge,3
chart,3
cheerful,3
cheers,3
chef,3
chemical,3
cheque,3
chief,3
childhood,3
choir,3
choke,3
chorus,3
Christian,3
circuit,3
circulate,3
circumstance,3
circus,3
citizen,3
civil,3
civilian,3
civilization,3
clarify,3
classic,3
classify,3
claw,3
clay,3
click,3
climate,3
clinic,3
clumsy,3
coincidence,3
collar,3
colleague,3
collision,3
comb,3
comfort,3
command,3
commercial,3
commit,3
commitment,3
committee,3
communism,3
communist,3
companion,3
compass,3
compensate,3
compete,3
competence,3
complex,3
component,3
comprehension,3
compromise,3
compulsory,3
concept,3
concern,3
conclude,3
conclusion,3
concrete,3
condemn,3
conduct,3
conductor,3
confidential,3
confirm,3
conflict,3
confuse,3
congratulate,3
congratulation,3
conscience,3
consensus,3
consequence,3
conservative,3
considerate,3
consist,3
consistent,3
constant,3
construct,3
construction,3
consult,3
consultant,3
consume,3
contain,3
contemporary,3
content,3
continent,3
contradict,3
contradictory,3
contrary,3
contribute,3
contribution,3
controversial,3
conventional,3
convey,3
convince,3
corporation,3
correction,3
correspond,3
corrupt,3
cosy,3
cottage,3
crash,3
credit,3
crew,3
crime,3
criminal,3
criterion,3
crossing,3
crossroads,3
cube,3
cuisine,3
cure,3
curious,3
currency,3
curriculum,3
cushion,3
customer,3
customs,3
cycle,3
damage,3
damp,3
dash,3
database,3
dawn,3
deadline,3
debate,3
debt,3
decade,3
declare,3
decline,3
decorate,3
decoration,3
decrease,3
deed,3
defeat,3
defend,3
delay,3
delete,3
deliberately,3
delicate,3
delight,3
delighted,3
deliver,3
demand,3
departure,3
deposit,3
depth,3
desert,3
deserve,3
desire,3
desperate,3
destination,3
detective,3
determine,3
devote,3
devotion,3
diagram,3
dial,3
diamond,3
dictation,3
differ,3
digest,3
digital,3
dignity,3
dilemma,3
dimension,3
dinosaur,3
dioxide,3
dip,3
diploma,3
directory,3
dirt,3
disability,3
disagree,3
disappear,3
disappoint,3
disaster,3
discount,3
discourage,3
discrimination,3
disgusting,3
distant,3
distinction,3
distinguish,3
distribute,3
disturbing,3
dive,3
diverse,3
division,3
dizzy,3
document,3
dot,3
download,3
downtown,3
draft,3
drag,3
drawback,3
drier,3
drill,3
drunk,3
due,3
dusk,3
dust,3
dustbin,3
dusty,3
eager,3
earn,3
eastwards,3
ecology,3
edition,3
editor,3
effect,3
eggplant,3
elect,3
electrical,3
electricity,3
electronic,3
elegant,3
embarrass,3
embassy,3
emergency,3
emperor,3
employ,3
encouragement,3
endless,3
energetic,3
engine,3
enjoyable,3
enlarge,3
enquiry,3
enterprise,3
enthusiastic,3
entire,3
entrance,3
entry,3
envy,3
equal,3
equality,3
equip,3
error,3
erupt,3
evaluate,3
event,3
eventually,3
evidence,3
evident,3
evolution,3
exact,3
exist,3
exit,3
expand,3
expectation,3
expense,3
expert,3
explanation,3
explicit,3
explode,3
explore,3
export,3
expose,3
expression,3
extension,3
extraordinary,3
extreme,3
eyesight,3
facial,3
fade,3
failure,3
fairly,3
faith,3
familiar,3
fancy,3
fantasy,3
fare,3
fasten,3
fault,3
favour,3
favourite,3
feast,3
federal,3
fee,3
fellow,3
female,3
ferry,3
fierce,3
figure,3
file,3
finance,3
fingernail,3
flame,3
flash,3
flashlight,3
flesh,3
flexible,3
float,3
flood,3
flow,3
fluency,3
fluent,3
focus,3
foggy,3
folk,3
fond,3
forecast,3
forehead,3
foresee,3
forever,3
forgive,3
format,3
former,3
fortnight,3
fortunate,3
fortune,3
fountain,3
fragile,3
fragrant,3
framework,3
freedom,3
freeway,3
freezing,3
frequent,3
friction,3
frighten,3
frontier,3
frost,3
fuel,3
function,3
fundamental,3
funeral,3
furnished,3
gain,3
gallon,3
garbage,3
garlic,3
garment,3
gather,3
gay,3
generation,3
generous,3
geometry,3
gesture,3
gifted,3
glance,3
glare,3
glory,3
go,3
goods,3
goose,3
govern,3
graduate,3
grain,3
grand,3
graph,3
grasp,3
grateful,3
gravity,3
greedy,3
greengrocer,3
greet,3
grey,3
grill,3
grocer,3
grow,3
growth,3
guidance,3
guide,3
guilty,3
gymnastics,3
habit,3
haircut,3
hammer,3
handful,3
handle,3
handwriting,3
handy,3
harbour,3
hardship,3
harm,3
harmful,3
harmony,3
harvest,3
hatch,3
headline,3
headmistress,3
heap,3
hearing,3
helmet,3
herb,3
hire,3
holy,3
honour,3
hook,3
hopeful,3
horrible,3
howl,3
hug,3
humour,3
hunt,3
hurricane,3
hydrogen,3
identification,3
identity,3
idiom,3
ignore,3
illegal,3
immigration,3
import,3
impression,3
incident,3
income,3
indeed,3
independence,3
independent,3
inform,3
initial,3
innocent,3
insert,3
inspect,3
inspire,3
instant,3
institute,3
institution,3
instruct,3
insurance,3
insure,3
intelligence,3
interpreter,3
interrupt,3
interval,3
irrigation,3
jam,3
jet,3
jewelry,3
jog,3
journalist,3
journey,3
judge,3
junior,3
justice,3
kindergarten,3
labour,3
lack,3
lame,3
lantern,3
latter,3
laughter,3
laundry,3
league,3
leak,3
leather,3
lecture,3
legal,3
length,3
liberation,3
liberty,3
librarian,3
lightning,3
likely,3
limit,3
link,3
literary,3
literature,3
load,3
loaf,3
loose,3
loss,3
lounge,3
luggage,3
maid,3
mainland,3
majority,3
maple,3
marble,3
mask,3
mass,3
mature,3
maximum,3
means,3
meanwhile,3
measure,3
melon,3
memorial,3
mental,3
merchant,3
merciful,3
mercy,3
merely,3
messy,3
microscope,3
mineral,3
minimum,3
minister,3
ministry,3
minority,3
minus,3
mist,3
mistaken,3
misunderstand,3
mobile,3
modem,3
monument,3
mop,3
moral,3
motivation,3
motto,3
mountainous,3
mourn,3
muddy,3
multiply,3
musical,3
mustard,3
mutton,3
narrow,3
nation,3
nationality,3
nationwide,3
navy,3
negotiate,3
neighbour,3
neighbourhood,3
noble,3
novelist,3
nowhere,3
numb,3
nutrition,3
observe,3
obtain,3
obvious,3
occupation,3
occur,3
Oceania,3
offence,3
offshore,3
oilfield,3
oppose,3
optimistic,3
optional,3
oral,3
orbit,3
ordinary,3
organ,3
organise,3
origin,3
otherwise,3
ought,3
outcome,3
outdoors,3
outer,3
outing,3
outline,3
output,3
outspoken,3
outward,3
oval,3
overcome,3
overlook,3
overweight,3
oxygen,3
pace,3
Pacific,3
paddle,3
painful,3
panic,3
paperwork,3
paragraph,3
parallel,3
parcel,3
parking,3
participate,3
partly,3
passive,3
patent,3
pattern,3
pause,3
peaceful,3
pedestrian,3
pension,3
pepper,3
percentage,3
perfume,3
permanent,3
permit,3
personally,3
personnel,3
persuade,3
pest,3
petrol,3
phenomenon,3
photographer,3
physical,3
physician,3
pile,3
pin,3
pint,3
pleased,3
plot,3
plug,3
plus,3
poison,3
poisonous,3
pole,3
polish,3
political,3
politician,3
pollute,3
portable,3
porter,3
possess,3
possession,3
possibility,3
postpone,3
potential,3
power,3
powerful,3
practical,3
pray,3
prayer,3
precious,3
precise,3
pregnant,3
prejudice,3
premier,3
preparation,3
prescription,3
presentation,3
preserve,3
preview,3
primitive,3
principle,3
privilege,3
procedure,3
process,3
profession,3
profit,3
programme,3
prohibit,3
promote,3
publish,3
pulse,3
pump,3
punctual,3
punctuation,3
punishment,3
purchase,3
pure,3
puzzle,3
pyramid,3
quake,3
qualification,3
quantity,3
quarrel,3
questionnaire,3
quilt,3
quit,3
racial,3
radiation,3
radioactive,3
radium,3
rag,3
rainbow,3
rainfall,3
random,3
range,3
rare,3
rate,3
raw,3
razor,3
react,3
reasonable,3
rebuild,3
receipt,3
reception,3
receptionist,3
recommend,3
recover,3
recreation,3
rectangle,3
reduce,3
refer,3
referee,3
reference,3
reflect,3
reform,3
refresh,3
regardless,3
register,3
regulation,3
reject,3
relate,3
relay,3
relevant,3
reliable,3
relief,3
religion,3
religious,3
rely,3
remark,3
remind,3
remote,3
remove,3
replace,3
representative,3
republic,3
reputation,3
request,3
rescue,3
resemble,3
reservation,3
reserve,3
resign,3
resist,3
respect,3
respond,3
responsibility,3
restriction,3
revision,3
revolution,3
reward,3
rewind,3
rhyme,3
rid,3
ridiculous,3
rigid,3
ripe,3
ripen,3
roast,3
rob,3
roll,3
rooster,3
rot,3
rough,3
roundabout,3
routine,3
royal,3
rugby,3
ruin,3
sacred,3
sacrifice,3
salary,3
salute,3
satisfaction,3
saucer,3
scan,3
scar,3
scare,3
sceptical,3
schedule,3
scissors,3
scold,3
scream,3
sculpture,3
seagull,3
seaweed,3
section,3
secure,3
security,3
seize,3
select,3
selfish,3
semicircle,3
senior,3
sensitive,3
session,3
settle,3
severe,3
shabby,3
shade,3
shadow,3
sharp,3
sharpen,3
shaver,3
shelter,3
shortcoming,3
shortly,3
shot,3
shuttle,3
sideways,3
signature,3
significance,3
sincerely,3
skillful,3
skip,3
slight,3
slim,3
slip,3
smog,3
sneaker,3
sneeze,3
sniff,3
sob,3
socialism,3
socialist,3
socket,3
software,3
solar,3
sorrow,3
soul,3
sow,3
spade,3
spear,3
specialist,3
spin,3
spiritual,3
spit,3
splendid,3
split,3
sponsor,3
spoonful,3
spray,3
spy,3
squeeze,3
stable,3
stadium,3
stain,3
stainless,3
stare,3
starvation,3
starve,3
statistics,3
statue,3
status,3
steady,3
steep,3
steward,3
stewardess,3
stocking,3
storage,3
stout,3
straightforward,3
strait,3
strength,3
strengthen,3
strike,3
struggle,3
stubborn,3
subjective,3
submit,3
subscribe,3
substitute,3
suck,3
suffer,3
suffering,3
suite,3
summary,3
sunburnt,3
superb,3
superior,3
supreme,3
surgeon,3
surplus,3
surround,3
surrounding,3
survival,3
survive,3
suspect,3
suspension,3
swallow,3
swap,3
swear,3
swell,3
swift,3
switch,3
sword,3
sympathy,3
system,3
systematic,3
tablet,3
tailor,3
target,3
tasteless,3
tax,3
tease,3
technical,3
technique,3
telescope,3
temple,3
temporary,3
tend,3
tendency,3
tension,3
tentative,3
terminal,3
terrify,3
terror,3
theft,3
theoretical,3
theory,3
thermos,3
thinking,3
thirst,3
thorough,3
thriller,3
throughout,3
thunderstorm,3
thus,3
tick,3
tight,3
tin,3
tip,3
tiresome,3
tissue,3
tolerate,3
tortoise,3
tough,3
tournament,3
track,3
tradition,3
tram,3
transform,3
transparent,3
transport,3
trap,3
tremble,3
trend,3
trial,3
triangle,3
trick,3
troublesome,3
trunk,3
tube,3
tune,3
turning,3
twist,3
typhoon,3
typical,3
unbearable,3
uncertain,3
unconditional,3
unconscious,3
underline,3
undertake,3
underwear,3
unemployment,3
unfair,3
unfit,3
unfortunate,3
union,3
unique,3
unite,3
universal,3
universe,3
unlike,3
unrest,3
unwilling,3
upper,3
upward,3
urban,3
urge,3
urgent,3
vacant,3
vague,3
vain,3
valid,3
valley,3
valuable,3
variety,3
various,3
version,3
vertical,3
vest,3
via,3
vice,3
victim,3
videophone,3
vinegar,3
violate,3
violence,3
violent,3
virtue,3
virus,3
visa,3
visual,3
vital,3
vivid,3
volcano,3
voluntary,3
vote,3
voyage,3
wag,3
wage,3
waist,3
walnut,3
wander,3
ward,3
warehouse,3
warmth,3
wax,3
wealthy,3
wedding,3
weed,3
weep,3
welfare,3
wherever,3
whichever,3
whisper,3
whistle,3
widespread,3
willing,3
wipe,3
wisdom,3
withdraw,3
witness,3
worn,3
worried,3
worthwhile,3
worthy,3
wrestle,3
wrinkle,3
wrist,3
yawn,3
yell,3
youth,3
yummy,3
zip,3
zipper,3
zoom,3
grandparent,2
pacific,2
Rusia,2
socks,2
stairs,2
VCD,2
Wheel,2
anybody,2
upon,2
probably,2
travel,2
positive,2
serve,2
bother,2
from,2
border,2
specific,2
tour,2
furniture,2
donate,2
hurt,2
do,2
degree,2
towards,2
satisfy,2
actor,2
actress,2
AD,2
aeroplane,2
African,2
aggression,2
AIDS,2
aircraft,2
airspace,2
aluminium,2
analyze,2
announcement,2
apart,2
apartment,2
Arabic,2
armchair,2
arrangement,2
arrival,2
arrow,2
ash,2
astronaut,2
athlete,2
athletic,2
athletics,2
atom,2
attentively,2
attraction,2
Baby,2
backache,2
backward,2
bacon,2
badly,2
baggage,2
bake,2
ballpoint,2
bandage,2
bang,2
basin,2
bat,2
bathrobe,2
bathtub,2
battleground,2
bay,2
beam,2
bean,2
beancurd,2
beast,2
bedclothes,2
beehive,2
beer,2
beginning,2
behavious,2
Belgium,2
billion,2
birdcage,2
blouse,2
boating,2
bomb,2
bone,2
bookmark,2
bookshelf,2
bookshop,2
bookstore,2
boot,2
bowling,2
boxing,2
branch,2
Britain,2
British,2
broad,2
broom,2
brotherhood,2
Buddhist,2
burial,2
businessman,2
businesswoman,2
button,2
Canadian,2
carpet,2
cartoon,2
castle,2
cathedral,2
catholic,2
cattle,2
cave,2
celebration,2
cellar,2
centimetre,2
certainly,2
chairwoman,2
cheek,2
chemist,2
chick,2
chimney,2
chips,2
cigar,2
classical,2
cleaner,2
clearly,2
cloth,2
cock,2
cocoa,2
collection,2
colour,2
competitor,2
comrade,2
connection,2
conservation,2
consideration,2
constitution,2
container,2
convenience,2
coral,2
cordless,2
corn,2
counter,2
courtyard,2
cowboy,2
crop,2
crowded,2
cubic,2
curtain,2
cyclist,2
dam,2
darkness,2
data,2
daylight,2
deeply,2
deer,2
defense,2
description,2
determination,2
dine,2
director,2
disagreement,2
disappointment,2
disk,2
disobey,2
downward,2
Dr,2
drawing,2
drown,2
DVD,2
Dynamic,2
Dynasty,2
eagle,2
ease,2
Easter,2
educator,2
Egypt,2
Egyptian,2
empire,2
ending,2
exactly,2
existence,2
exploit,2
explorer,2
extremely,2
eyewitness,2
fairness,2
FALSE,2
feather,2
fibre,2
firefighter,2
fireplace,2
firewood,2
firework,2
firmly,2
fist,2
flaming,2
flour,2
fog,2
following,2
foolish,2
forgetful,2
founding,2
Frenchman,2
fried,2
fright,2
fur,2
gale,2
gardening,2
gas,2
German,2
Germany,2
glasshouse,2
globe,2
glue,2
golf,2
good,2
goodness,2
gown,2
gradually,2
graduation,2
gram,2
grandma,2
grandpa,2
grandparents,2
Greece,2
Greek,2
gruel,2
gy,2
ha,2
handkerchief,2
handtruck,2
happily,2
happiness,2
hardworking,2
harmless,2
hawk,2
hay,2
headmaster,2
headteacher,2
heavily,2
heroine,2
hi,2
hibernate,2
hibernation,2
highway,2
hillside,2
hilly,2
hive,2
hooray,2
hostess,2
housewife,2
hunter,2
hur,2
Iceland,2
immediate,2
incorrect,2
Indicate,2
inland,2
inn,2
internet,2
inventor,2
invitation,2
Ireland,2
Irish,2
irrigate,2
Italian,2
Italy,2
jar,2
jaw,2
jeep,2
jewel,2
judgement,2
juicy,2
keeper,2
kettle,2
kilogram,2
kilometre,2
kindness,2
kingdom,2
labourer,2
ladder,2
laser,2
lavatory,2
lawyer,2
leading,2
learned,2
leftover,2
lemon,2
liberate,2
lid,2
lifetime,2
lip,2
liquid,2
litre,2
living,2
locust,2
lorry,2
Lost,2
loudly,2
loudspeaker,2
lung,2
mailbox,2
male,2
mankind,2
married,2
mat,2
mathematics,2
media,2
memorize,2
mentally,2
merry,2
metre,2
Mexican,2
Mexico,2
microcomputer,2
midday,2
midnight,2
mild,2
millionaire,2
minibus,2
miniskirt,2
missile,2
mixture,2
mm,2
Mom,2
mommy,2
Moscow,2
Moslem,2
Mosquito,2
motherland,2
motor,2
motorbike,2
moustache,2
mouthful,2
movement,2
mud,2
mushroom,2
nail,2
neat,2
necklace,2
necktie,2
needle,2
nephew,2
nest,2
network,2
niece,2
noisily,2
noisy,2
northeast,2
northwards,2
northwest,2
novel,2
nowadays,2
nuclear,2
nursery,2
nursing,2
nut,2
nylon,2
oh,2
omelette,2
onto,2
opener,2
opening,2
operator,2
organiser,2
organization,2
Ottawa,2
ouch,2
owe,2
ownership,2
ox,2
packet,2
painter,2
painting,2
pan,2
patience,2
pea,2
peach,2
peasant,2
per,2
performance,2
performer,2
physicist,2
pianist,2
pill,2
pillow,2
pine,2
pineapple,2
pipe,2
platform,2
playmate,2
playroom,2
PM,2
poet,2
policeman,2
politics,2
port,2
postage,2
postbox,2
postcode,2
pot,2
powder,2
prairie,2
preference,2
printer,2
printing,2
probable,2
production,2
properly,2
protection,2
pub,2
publicly,2
punctuate,2
puzzled,2
quiz,2
rail,2
reading,2
reality,2
receiver,2
recognise,2
redirect,2
refreshments,2
refusal,2
regards,2
relationship,2
repairs,2
reporter,2
requirement,2
restrict,2
reuse,2
reviewer,2
rewrite,2
roller,2
roof,2
runner,2
running,2
sadness,2
sailing,2
sailor,2
salesgirl,2
salesman,2
saleswoman,2
salty,2
satellite,2
savage,2
scenery,2
scholar,2
scholarship,2
schoolmate,2
scores,2
Scotland,2
Scottish,2
Scratch,2
seaman,2
seashell,2
seaside,2
secondhand,2
seed,2
self,2
separately,2
separation,2
settlement,2
settler,2
sew,2
sex,2
shallow,2
Shanghai,2
sharpener,2
shave,2
sheet,2
shooting,2
shopkeeper,2
shopping,2
shore,2
sickness,2
sideway,2
sigh,2
sightseeing,2
signal,2
simplify,2
simply,2
skateboard,2
ski,2
skilled,2
skillfully,2
skyscraper,2
slave,2
slavery,2
sleeve,2
smelly,2
smoker,2
smoking,2
snack,2
snatch,2
snowball,2
snowman,2
softball,2
soil,2
southwest,2
souvenirs,2
spaceship,2
spaghetti,2
Spain,2
Spanish,2
sparrow,2
spelling,2
squid,2
squirrel,2
statesman,2
steak,2
stomachache,2
stopwatch,2
stove,2
straw,2
studio,2
subtraction,2
sunglasses,2
sunlight,2
sunrise,2
sunset,2
sunshine,2
superman,2
sweat,2
Swiss,2
Switzerland,2
tank,2
tanker,2
tap,2
teamwork,2
teapot,2
telegram,2
telegraph,2
temptation,2
textbook,2
thankful,2
thunder,2
Tibet,2
Tibetan,2
timetable,2
tire,2
title,2
tobacco,2
Tokyo,2
tomb,2
totally,2
tourism,2
tractor,2
trainer,2
translation,2
translator,2
traveler,2
troop,2
TRUE,2
truly,2
TV,2
typewriter,2
typist,2
tyre,2
UK,2
UN,2
understanding,2
undivided,2
undo,2
unfold,2
unfortunately,2
unknown,2
unmarried,2
unsafe,2
unsuccessful,2
untrue,2
user,2
usually,2
vanilla,2
vase,2
vast,2
veal,2
viewer,2
villager,2
violinist,2
waitress,2
walkman,2
warning,2
washroom,2
wayside,2
weakness,2
weatherman,2
web,2
weekly,2
westerner,2
westwards,2
wildlife,2
willingly,2
willingness,2
windbreaker,2
wire,2
within,2
woo,2
wooden,2
woollen,2
workday,2
workforce,2
workmate,2
workplace,2
works,2
worm,2
worthless,2
wounded,2
writing,2
zone,2
mystery,1
frustrate,1
bulb,1
alright,1
loving,1
southeast,1
conjunction,1
documentary,1
peel,1
con,1
charity,1
girlfriend,1
unfamiliar,1
Mr.,1
offend,1
chase,1
tragedy,1
Jew,1
fashion,1
anymore,1
pro,1
schoolwork,1
furry,1
center,1
teen,1
lifestyle,1
program,1
specifically,1
creative,1
alien,1
tennis,1
casually,1
opportunity,1
route,1
chip,1
spotlight,1
lookout,1
misleading,1
adverb,1
hum,1
thirteenth,1
chop,1
baseball,1
embarrassed,1
summer,1
instance,1
solution,1
turtle,1
trash,1
structure,1
outdoor,1
online,1
writer,1
Brazilian,1
mall,1
labor,1
cute,1
star,1
transportation,1
laboratory,1
elevator,1
lost,1
calculator,1
favorite,1
indoors,1
theater,1
terrorist,1
attendant,1
x-ray,1
yeah,1
resolution,1
July,1
lighting,1
unfriendly,1
fourteenth,1
thirtieth,1
rural,1
seventeenth,1
shell,1
silver,1
restroom,1
polar,1
honor,1
pronoun,1
talented,1
France,1
chore,1
semester,1
strategy,1
legend,1
professional,1
nineteenth,1
neighbor,1
mom,1
color,1
Mars,1
Yin,1
display,1
criticize,1
autograph,1
eleventh,1
keen,1
elementary,1
original,1
shiny,1
surf,1
an,1
mysterious,1
maths,1
adj.,1
popularity,1
escalator,1
spider,1
scary,1
complain,1
oak,1
costume,1
hallway,1
verb,1
is,1
meter,1
infinitive,1
establish,1
prediction,1
survey,1
homeless,1
elbow,1
zigzag,1
underwater,1
singular,1
eighteenth,1
pierce,1
calendar,1
slipper,1
subway,1
fifteenth,1
ocean,1
solve,1
desk,1
Yang,1
cola,1
specially,1
accessory,1
shampoo,1
yogurt,1
scared,1
overseas,1
feature,1
emotion,1
etiquette,1
impolite,1
reveal,1
negative,1
realistic,1
monster,1
tag,1
organize,1
disappointing,1
really,1
analyse,1
scratch,1
defence,1
psychology,1
approval,1
hopeless,1
e-mail,1
personalization,1
direction,1
Antarctic,1
recognize,1
aluminum,1
tear,1
attack,1
divorce,1
used to,1
disappointed,1
pale,1
unbelievable,1
upwards,1
pavement,1
professor,1
symptom,1
dynasty,1
bark,1
update,1
taxpayer,1
fireworks,1
non-stop,1
ray,1
grocery,1
official,1
hesitate,1
Catholic,1
chain stores,1
accurate,1
guarantee,1
outwards,1
occupy,1
souvenir,1
woolen,1
widow,1
passer-by,1
afterwards,1
shrink,1
indicate,1
pesticide,1
false,1
chain store,1
trolleybus,1
ambassadress,1
somehow,1
eastward,1
injury,1
dynamic,1
gradual,1
previous,1
seminar,1
practise,1
overhead,1
hard-working,1
intend,1
